transaction_reference,amount,status
TX1204,36492,failed
TX1267,24299,failed
TX1153,40026,success
TX1010,7744,failed
TX1234,29994,success
TX1227,31640,success
TX1197,21119,failed
TX1110,4025,failed
TX1006,22031,failed
TX1176,41566,success
TX1238,33368,failed
TX1058,17718,failed
TX1219,14679,failed
TX1046,39108,failed
TX1183,47630,success
TX1222,43954,success
TX1290,4265,failed
TX1212,15982,failed
TX1149,26989,success
TX1166,35655,success
TX1079,15695,failed
TX1114,42992,failed
TX1250,22988,failed
TX1251,23703,success
TX1105,10485,success
TX1043,34479,failed
TX1282,8470,success
TX1296,45954,failed
TX1158,8222,success
TX1239,5303,failed
TX1018,10713,success
TX1165,7480,failed
TX1034,2198,success
TX1025,37775,failed
TX1216,36357,failed
TX1120,49443,failed
TX1008,39783,success
TX1091,16561,success
TX1047,29916,success
TX1074,23243,success
TX1094,18998,success
TX1077,47532,failed
TX1287,43408,success
TX1061,2998,failed
TX1078,45054,success
TX1064,41358,success
TX1235,2421,failed
TX1230,26239,failed
TX1112,3245,failed
TX1232,8982,success
TX1181,6134,failed
TX1145,13629,failed
TX1240,1031,failed
TX1076,12918,success
TX1298,23063,success
TX1279,32628,success
TX1098,10523,failed
TX1093,16123,failed
TX1193,27539,failed
TX1026,47076,success
TX1233,16785,failed
TX1060,19460,success
TX1007,7094,failed
TX1186,46434,failed
TX1174,25575,failed
TX1031,29815,success
TX1023,42619,success
TX1257,47418,failed
TX1057,34147,failed
TX1187,17478,failed
TX1109,19805,success
TX1127,35704,failed
TX1231,25046,failed
TX1194,30059,success
TX1130,23318,failed
TX1283,10469,success
TX1083,46814,failed
TX1085,13269,success
TX1067,20295,failed
TX1289,36217,success
TX1164,48990,failed
TX1155,13837,success
TX1020,19439,failed
TX1125,32619,failed
TX1080,17678,failed
TX1115,20498,failed
TX1119,10342,failed
TX1073,29408,success
TX1016,18867,success
TX1011,43007,failed
TX1195,1389,failed
TX1102,20409,success
TX1069,29847,success
TX1225,6282,failed
TX1038,15201,failed
TX1017,2009,success
TX1180,24430,failed
TX1148,43337,success
TX1275,37070,failed
TX1068,25720,success
TX1229,417,success
TX1070,41472,failed
TX1032,30343,failed
TX1184,48690,failed
TX1266,47525,failed
TX1226,1173,success
TX1141,15687,failed
TX1019,21351,failed
TX1182,127,success
TX1097,47609,failed
TX1133,7312,failed
TX1263,48778,failed
TX1087,21549,failed
TX1249,3824,failed
TX1246,4633,success
TX1117,9775,success
TX1147,38617,success
TX1293,20334,failed
TX1198,3960,failed
TX1207,15946,success
TXN8187,43150,success
TXN3724,15515,failed
TXN6370,26135,success
TXN6533,59588,pending
TXN8468,41935,failed
TXN11477,14068,success
TXN8157,20289,failed
TXN10437,33279,failed
TXN3756,19716,success
TXN4993,33989,pending
TXN3407,39728,pending
TXN4561,53648,success
TXN6828,36792,pending
TXN3234,54638,success
TXN4662,31603,pending
TXN7747,29501,pending
TXN3640,39490,failed
TXN11579,21540,failed
TXN5454,15932,pending
TXN5531,16262,failed
TXN3400,12917,success
TXN6161,56533,pending
TXN9465,59580,pending
TXN6652,50420,pending
TXN8702,13780,failed
TXN6106,47989,success
TXN5873,24684,success
TXN11630,54523,failed
TXN3870,16156,pending
TXN10685,30803,pending
TXN10515,22002,success
TXN8062,46248,success
TXN6184,44782,pending
TXN9218,37243,success
TXN5495,24952,success
TXN11865,18788,pending
TXN9249,16600,failed
TXN10958,55505,pending
TXN3278,24285,pending
TXN5312,29656,success
TXN8623,33220,success
TXN7611,55833,pending
TXN3829,17298,success
TXN8697,19376,success
TXN7945,17704,failed
TXN9227,53181,pending
TXN7230,50452,pending
TXN8744,22403,failed
TXN8901,31188,pending
TXN7124,34382,pending
TXN10625,35182,success
TXN5329,14049,pending
TXN3532,32789,success
TXN4885,19177,pending
TXN4902,14524,success
TXN5785,16294,failed
TXN5148,29291,success
TXN4517,31379,failed
TXN11561,47176,success
TXN10194,38448,pending
TXN10204,15733,pending
TXN4477,36474,pending
TXN7184,27596,pending
TXN3761,38920,pending
TXN6721,57976,success
TXN9075,49545,failed
TXN3821,19389,success
TXN11831,30416,failed
TXN6534,48928,success
TXN9333,54366,pending
TXN6704,24815,success
TXN9673,44242,failed
TXN7395,15942,failed
TXN11138,43438,success
TXN9408,43674,success
TXN3132,40197,failed
TXN11554,52324,success
TXN6000,59615,pending
TXN7062,59533,failed
TXN8176,19595,pending
TXN11959,54492,success
TXN8916,24482,success
TXN4745,43107,pending
TXN5149,25035,failed
TXN6814,54205,pending
TXN9991,18534,success
TXN8352,39583,success
TXN11444,34147,success
TXN7554,37826,failed
TXN5174,51650,failed
TXN3760,44644,failed
TXN5830,53967,failed
TXN3177,53612,success
TXN8560,59113,failed
TXN7408,40251,success
TXN9422,28124,pending
TXN7851,27594,failed
TXN5057,16319,failed
TXN4043,37564,failed
TXN3789,53222,failed
TXN10107,46274,success
TXN3504,25185,failed
TXN5732,42018,pending
TXN9194,13497,pending
TXN7200,46464,pending
TXN10796,34466,failed
TXN10167,22164,pending
TXN3919,11982,pending
TXN7603,52897,pending
TXN4488,11327,failed
TXN10564,54267,pending
TXN3835,41127,pending
TXN10144,50328,failed
TXN5674,42779,failed
TXN10251,54802,pending
TXN6117,52768,failed
TXN8410,46247,failed
TXN10042,18888,failed
TXN9115,28628,failed
TXN11437,50703,pending
TXN6666,49447,pending
TXN9909,28327,failed
TXN11695,19756,success
TXN6475,38654,pending
TXN8938,32951,success
TXN11701,32424,failed
TXN6921,12962,success
TXN4832,11266,failed
TXN9867,15048,pending
TXN6253,55453,success
TXN4462,57737,failed
TXN3712,56907,failed
TXN6616,45466,pending
TXN8111,43996,failed
TXN11974,42556,success
TXN4962,42971,success
TXN4443,56254,failed
TXN7500,37422,failed
TXN5269,44221,failed
TXN11542,24028,success
TXN5302,37248,pending
TXN5411,44913,pending
TXN10917,28908,pending
TXN9889,16957,failed
TXN11204,26440,failed
TXN7528,23208,success
TXN10836,53438,success
TXN5703,26145,success
TXN9480,38696,failed
TXN6668,46527,success
